32_32_U1_AR_CK_Multgen_resyn3,32_32_U1_AR_CK_Multgen_SE_Multgen_default,32_32_U1_AR_CK_Multgen_RC_Multgen_default,32_32_U1_AR_CK_Multgen_CL_Multgen_default
32_32_U1_AR_CL_Multgen_resyn3,32_32_U1_AR_CL_Multgen_KS_Multgen_default,32_32_U1_AR_CL_Multgen_HCA_Multgen_default,32_32_U1_AR_CL_Multgen_LF_Multgen_default
32_32_U1_AR_RC_Multgen_resyn3,32_32_U1_AR_RC_Multgen_RC_Multgen_default,32_32_U1_AR_RC_Multgen_SE_Multgen_default,32_32_U1_AR_RC_Multgen_CK_Multgen_default
32_32_U1_BD_KS_Multgen_resyn3,32_32_U1_BD_KS_Multgen_KS_Multgen_default,32_32_U1_BD_KS_Multgen_HCA_Multgen_default,32_32_U1_BD_KS_Multgen_LF_Multgen_default
32_32_U1_CN_RC_Multgen_resyn3,32_32_U1_CN_RC_Multgen_RC_Multgen_default,32_32_U1_CN_RC_Multgen_CK_Multgen_default,32_32_U1_CN_RC_Multgen_SE_Multgen_default
32_32_U1_CT_BK_Multgen_resyn3,32_32_U1_CT_BK_Multgen_BK_Multgen_default,32_32_U1_CT_BK_Multgen_HCA_Multgen_default,32_32_U1_CT_BK_Multgen_RC_Multgen_default
32_32_U1_DT_LF_Multgen_resyn3,32_32_U1_DT_LF_Multgen_LF_Multgen_default,32_32_U1_DT_LF_Multgen_JCA_Multgen_default,32_32_U1_DT_LF_Multgen_HCA_Multgen_default
32_32_U1_WT_CL_Multgen_resyn3,32_32_U1_WT_CL_Multgen_CL_Multgen_default,32_32_U1_WT_CL_Multgen_LF_Multgen_default,32_32_U1_WT_CL_Multgen_HCA_Multgen_default
32_32_U1_WT_RC_Multgen_resyn3,32_32_U1_WT_RC_Multgen_RC_Multgen_default,32_32_U1_WT_RC_Multgen_CK_Multgen_default,32_32_U1_WT_RC_Multgen_SE_Multgen_default
32_32_U2_AR_CL_Multgen_resyn3,32_32_U2_AR_CL_Multgen_CL_Multgen_default,32_32_U2_AR_CL_Multgen_LF_Multgen_default,32_32_U2_AR_CL_Multgen_HCA_Multgen_default
32_32_U2_AR_RC_Multgen_resyn3,32_32_U2_AR_RC_Multgen_RC_Multgen_default,32_32_U2_AR_RC_Multgen_CK_Multgen_default,32_32_U2_AR_RC_Multgen_SE_Multgen_default
32_32_U2_CT_BK_Multgen_resyn3,32_32_U2_CT_BK_Multgen_BK_Multgen_default,32_32_U2_CT_BK_Multgen_SE_Multgen_default,32_32_U2_CT_BK_Multgen_RC_Multgen_default
32_32_U2_DT_LF_Multgen_resyn3,32_32_U2_DT_LF_Multgen_LF_Multgen_default,32_32_U2_DT_LF_Multgen_JCA_Multgen_default,32_32_U2_DT_LF_Multgen_HCA_Multgen_default
32_32_U2_OS_CU_Multgen_resyn3,32_32_U2_OS_CU_Multgen_LF_Multgen_default,32_32_U2_OS_CU_Multgen_JCA_Multgen_default,32_32_U2_OS_CU_Multgen_HCA_Multgen_default
32_32_U2_WT_CL_Multgen_resyn3,32_32_U2_WT_CL_Multgen_CL_Multgen_default,32_32_U2_WT_CL_Multgen_LF_Multgen_default,32_32_U2_WT_CL_Multgen_HCA_Multgen_default
32_32_U2_WT_CS_Multgen_resyn3,32_32_U2_WT_CS_Multgen_LF_Multgen_default,32_32_U2_WT_CS_Multgen_KS_Multgen_default,32_32_U2_WT_CS_Multgen_JCA_Multgen_default
32_32_U2_WT_RC_Multgen_resyn3,32_32_U2_WT_RC_Multgen_RC_Multgen_default,32_32_U2_WT_RC_Multgen_CK_Multgen_default,32_32_U2_WT_RC_Multgen_SE_Multgen_default
Filename,Column2,Column3,Column4
